cluster,gene,p_val,avg_log2FC,pct.1,pct.2,p_val_adj,region
Cluster ID,gene,,,,,,Thal
Thal-CycPro,DIAPH3,0.0,3.21253483709778,0.843,0.064,0.0,Thal
Thal-CycPro,MIR924HG,0.0,2.79368997315492,0.71,0.073,0.0,Thal
Thal-CycPro,APOLD1,0.0,2.71730928868926,0.578,0.032,0.0,Thal
Thal-CycPro,TOP2A,0.0,2.40261271434707,0.619,0.074,0.0,Thal
Thal-CycPro,KNL1,0.0,2.3146305517551,0.596,0.027,0.0,Thal
Thal-CycPro,RRM2,0.0,2.08508217497007,0.584,0.023,0.0,Thal
Thal-CycPro,MELK,0.0,2.07317139669692,0.606,0.028,0.0,Thal
Thal-CycPro,SMC4,0.0,2.04138053373846,0.593,0.074,0.0,Thal
Thal-CycPro,ASPM,0.0,2.03434885984868,0.481,0.032,0.0,Thal
Thal-CycPro,BRIP1,0.0,1.96564160599985,0.588,0.087,0.0,Thal
Thal-CycPro,CENPF,0.0,1.93101148415463,0.487,0.064,0.0,Thal
Thal-CycPro,NUSAP1,0.0,1.86515031863273,0.556,0.061,0.0,Thal
Thal-CycPro,CENPE,0.0,1.77239090838626,0.381,0.034,0.0,Thal
Thal-CycPro,KIF18B,0.0,1.76786012514725,0.479,0.013,0.0,Thal
Thal-CycPro,KIF11,0.0,1.74139144995816,0.511,0.025,0.0,Thal
Thal-CycPro,ATAD2,0.0,1.73381028145925,0.546,0.084,0.0,Thal
Thal-CycPro,CDC25C,0.0,1.71343780423396,0.446,0.013,0.0,Thal
Thal-CycPro,KIF14,0.0,1.70508367732559,0.411,0.018,0.0,Thal
Thal-CycPro,TPX2,0.0,1.68668657905899,0.436,0.035,0.0,Thal
Thal-CycPro,CENPK,0.0,1.64381790501464,0.549,0.081,0.0,Thal
Thal-Endo,FLT1,0.0,4.60859357080336,0.691,0.006,0.0,Thal
Thal-Endo,LINC02147,0.0,4.40214955618084,0.735,0.005,0.0,Thal
Thal-Endo,MIR4435-2HG,0.0,4.16359969903186,0.853,0.032,0.0,Thal
Thal-Endo,IGFBP7,0.0,4.08822593045596,0.985,0.018,0.0,Thal
Thal-Endo,ITGA1,0.0,3.80662131661199,0.824,0.008,0.0,Thal
Thal-Endo,CYTOR,0.0,3.06027274508556,0.735,0.004,0.0,Thal
Thal-Endo,SLC38A11,0.0,3.05332468947368,0.618,0.007,0.0,Thal
Thal-Endo,LINC02208,0.0,2.51111182135579,0.559,0.009,0.0,Thal
Thal-Endo,SULT1E1,0.0,2.44211955905311,0.426,0.001,0.0,Thal
Thal-Endo,AC097528.1,0.0,2.42248307582077,0.529,0.003,0.0,Thal
Thal-Endo,CARMN,0.0,2.23383199861904,0.456,0.001,0.0,Thal
Thal-Endo,AC017002.5,0.0,2.1958704821478,0.456,0.004,0.0,Thal
Thal-Endo,AC106845.1,0.0,2.18152264117887,0.559,0.01,0.0,Thal
Thal-Endo,ETS1,0.0,2.0896327943485,0.544,0.007,0.0,Thal
Thal-Endo,ADGRF5,0.0,1.96073578834804,0.588,0.004,0.0,Thal
Thal-Endo,KCNE4,0.0,1.89277374172809,0.426,0.006,0.0,Thal
Thal-Endo,LAMC3,0.0,1.87595179291044,0.456,0.008,0.0,Thal
Thal-Endo,FLI1,0.0,1.81886870501512,0.382,0.005,0.0,Thal
Thal-Endo,CYSLTR2,0.0,1.80243779492327,0.338,0.0,0.0,Thal
Thal-Endo,BGN,0.0,1.77127658973081,0.456,0.003,0.0,Thal
Thal-ExN-1,RNF220,0.0,3.99649860864794,0.991,0.141,0.0,Thal
Thal-ExN-1,NTNG1,0.0,3.44503852513647,0.99,0.231,0.0,Thal
Thal-ExN-1,CACNA2D3,0.0,2.82747868436415,0.967,0.187,0.0,Thal
Thal-ExN-1,MAST4,0.0,2.78357195563539,0.978,0.246,0.0,Thal
Thal-ExN-1,TCF7L2,0.0,2.77844851691667,0.997,0.297,0.0,Thal
Thal-ExN-1,RIT2,0.0,2.77470968914627,0.931,0.103,0.0,Thal
Thal-ExN-1,ZFHX3,0.0,2.68814245006115,0.972,0.203,0.0,Thal
Thal-ExN-1,CPNE4,0.0,2.68599002676975,0.924,0.17,0.0,Thal
Thal-ExN-1,IQCJ-SCHIP1,0.0,2.65961495587648,0.886,0.15,0.0,Thal
Thal-ExN-1,NXPH1,0.0,2.58757047980786,0.891,0.142,0.0,Thal
Thal-ExN-1,RBFOX1,0.0,2.47679779353921,0.994,0.659,0.0,Thal
Thal-ExN-1,TENM4,0.0,2.43468984658574,0.952,0.314,0.0,Thal
Thal-ExN-1,PTPRD,0.0,2.32109421831636,1.0,0.894,0.0,Thal
Thal-ExN-1,FAT3,0.0,2.30715421103431,0.994,0.416,0.0,Thal
Thal-ExN-1,SAMD5,0.0,2.28733108637116,0.967,0.248,0.0,Thal
Thal-ExN-1,AL033504.1,0.0,2.20031846535172,0.955,0.22,0.0,Thal
Thal-ExN-1,PRR16,0.0,2.16495676412025,0.809,0.093,0.0,Thal
Thal-ExN-1,CELF4,0.0,2.12273102341101,0.987,0.396,0.0,Thal
Thal-ExN-1,RASGEF1B,0.0,2.1104560879089,0.963,0.32,0.0,Thal
Thal-ExN-1,IGSF21,0.0,2.09207192041582,0.824,0.124,0.0,Thal
Thal-ExN-2,LINC02306,0.0,3.93706739712872,0.946,0.024,0.0,Thal
Thal-ExN-2,LINC00923,0.0,2.01191078041833,0.66,0.029,0.0,Thal
Thal-ExN-2,AC002072.1,0.0,1.52418401191753,0.409,0.014,0.0,Thal
Thal-ExN-2,AC022523.1,0.0,1.50852230875931,0.498,0.026,0.0,Thal
Thal-ExN-2,AL132633.1,0.0,1.20994412936858,0.369,0.004,0.0,Thal
Thal-ExN-2,ADGRL4,4.31378936186459e-283,1.29449160561324,0.365,0.015,1.36203585311513e-278,Thal
Thal-ExN-2,ZNF804B,2.11365344405124e-242,3.06491334569681,0.995,0.183,6.67364938424739e-238,Thal
Thal-ExN-2,C8orf34,7.57669910548382e-207,1.67783970769234,0.67,0.076,2.39226697556546e-202,Thal
Thal-ExN-2,NTNG1,2.81067545082549e-192,2.86358848405016,0.995,0.252,8.87442666843639e-188,Thal
Thal-ExN-2,AL589740.1,6.0141664090225e-189,2.74137715799239,0.98,0.241,1.89891290198476e-184,Thal
Thal-ExN-2,GABRA2,2.8239425711907e-178,2.53624398796717,0.956,0.244,8.91631627427751e-174,Thal
Thal-ExN-2,MEIS2,8.24942278027099e-177,2.40042306007834,0.97,0.231,2.60467274864276e-172,Thal
Thal-ExN-2,PTCHD4,1.02866875610014e-171,1.43319908793776,0.709,0.099,3.24791873051057e-167,Thal
Thal-ExN-2,GABRG1,2.05357754745129e-170,1.69593719184066,0.616,0.082,6.48396574832272e-166,Thal
Thal-ExN-2,NWD2,2.90052899191047e-164,1.54888057453864,0.522,0.058,9.15813023905813e-160,Thal
Thal-ExN-2,CHRM3,1.59742438524738e-162,2.02330889595503,0.911,0.192,5.04370775398008e-158,Thal
Thal-ExN-2,RPH3A,7.28874186125247e-152,1.13638131988307,0.448,0.046,2.30134735527186e-147,Thal
Thal-ExN-2,TSHZ1,7.76183918914259e-149,1.85755130577843,0.719,0.134,2.45072310557988e-144,Thal
Thal-ExN-2,LINC01322,2.29991984791201e-147,2.01076762496456,0.951,0.252,7.26176692779738e-143,Thal
Thal-ExN-2,COL12A1,1.28315785166414e-144,1.37708132477813,0.483,0.056,4.05144260084434e-140,Thal
Thal-ExN-3,LHX9,3.40285944101691e-246,1.91093009372527,0.54,0.038,1.07441883990668e-241,Thal
Thal-ExN-3,TTTY14,1.08863378164355e-211,1.64514246239668,0.472,0.034,3.43725230216135e-207,Thal
Thal-ExN-3,PROX1,6.18494840022659e-208,3.03909633815383,0.83,0.123,1.95283560788754e-203,Thal
Thal-ExN-3,NTS,1.10862660336227e-183,2.5479210791122,0.523,0.048,3.50037763745603e-179,Thal
Thal-ExN-3,NEFL,1.46462971305488e-164,3.9277302494312,0.966,0.261,4.62442185599948e-160,Thal
Thal-ExN-3,TUBB4A,3.81316556383107e-161,1.78253523209415,0.557,0.063,1.20396889512402e-156,Thal
Thal-ExN-3,HBA1,1.08175678465421e-156,6.95852347714677,0.778,0.148,3.4155388718672e-152,Thal
Thal-ExN-3,HBB,4.76848969207517e-151,4.85249277412436,0.409,0.035,1.50560293537581e-146,Thal
Thal-ExN-3,CBLN2,6.32774876508694e-136,1.70770484078652,0.517,0.064,1.99792339508855e-131,Thal
Thal-ExN-3,ENC1,4.97946529965361e-124,2.61820140052542,0.824,0.212,1.57221637371263e-119,Thal
Thal-ExN-3,HBG1,8.47944510790072e-124,6.79440144713434,0.705,0.146,2.67729999836857e-119,Thal
Thal-ExN-3,TCF7L2,3.73358413080722e-120,3.01475322705013,0.943,0.318,1.17884185346107e-115,Thal
Thal-ExN-3,CBLN4,2.76511813441014e-117,1.27056203943592,0.25,0.016,8.73058399758659e-113,Thal
Thal-ExN-3,OLFM1,1.28470967784124e-115,2.57981079871157,0.767,0.191,4.05634233681593e-111,Thal
Thal-ExN-3,SLC17A6,3.97415491077135e-114,1.61197088243666,0.489,0.066,1.25479967152695e-109,Thal
Thal-ExN-3,HBG2,5.05715217271954e-110,7.36394711595383,0.835,0.271,1.59674522701447e-105,Thal
Thal-ExN-3,CALM3,8.84203517500035e-110,2.5041386001385,0.892,0.305,2.79178418615461e-105,Thal
Thal-ExN-3,SUMO3,2.39356305540332e-109,1.65047103139273,0.5,0.074,7.55743599113044e-105,Thal
Thal-ExN-3,PEG10,3.00554708337442e-109,2.3118200151616,0.778,0.21,9.4897143610464e-105,Thal
Thal-ExN-3,CDKN2D,5.91171901152489e-109,2.19354617404559,0.784,0.204,1.86656616069887e-104,Thal
Thal-IP,AC017037.5,0.0,4.00997923514023,0.915,0.033,0.0,Thal
Thal-IP,LMX1A,0.0,2.82563197124871,0.78,0.018,0.0,Thal
Thal-IP,AC084740.1,0.0,2.25647926710795,0.638,0.014,0.0,Thal
Thal-IP,EOMES,0.0,1.74007054296497,0.537,0.021,0.0,Thal
Thal-IP,DYNC1I1,1.52747323340594e-279,1.87500536961006,0.615,0.099,4.82284398715591e-275,Thal
Thal-IP,TLL1,1.25967584161657e-267,2.29640154213607,0.771,0.166,3.97730050232015e-263,Thal
Thal-IP,DSCAML1,2.06914299035011e-228,1.96828399879503,0.908,0.287,6.53311207773143e-224,Thal
Thal-IP,CACNA2D1,3.30789577227898e-214,2.57649466024812,0.989,0.642,1.04443501113937e-209,Thal
Thal-IP,SAMD3,5.12311778607086e-210,1.81947662367275,0.674,0.157,1.61757320977401e-205,Thal
Thal-IP,MID1,2.33894872701377e-207,2.33718277053237,0.842,0.308,7.38499671067329e-203,Thal
Thal-IP,HDAC9,1.82603391579005e-198,2.77877188231742,0.833,0.33,5.7655194857155e-194,Thal
Thal-IP,CELF4,3.75172222906927e-187,1.82158241050716,0.917,0.406,1.18456877660633e-182,Thal
Thal-IP,STXBP5L,1.95584718985469e-185,2.39608105773529,0.927,0.5,6.17539191724721e-181,Thal
Thal-IP,LRP1B,2.64235003279475e-180,2.68028849647306,0.915,0.52,8.34295599354613e-176,Thal
Thal-IP,EPS8,1.28473568108164e-179,2.26693090759256,0.899,0.436,4.05642443944717e-175,Thal
Thal-IP,KHDRBS2,4.98712878936914e-178,2.13182298146297,0.947,0.513,1.57463604395541e-173,Thal
Thal-IP,GRIA2,1.05176884274817e-175,1.81380465242002,0.968,0.705,3.32085494409307e-171,Thal
Thal-IP,PHACTR2,2.14814967730633e-171,2.02654359996469,0.766,0.274,6.782567791127e-167,Thal
Thal-IP,RMST,1.64756360982711e-169,1.71277256099266,0.876,0.345,5.20201734166813e-165,Thal
Thal-IP,RPH3A,1.16484521323679e-165,1.14392784425846,0.33,0.044,3.67788227627383e-161,Thal
Thal-InN-1,CNTNAP4,0.0,1.93052466787262,0.92,0.383,0.0,Thal
Thal-InN-1,ADGRL2,0.0,1.82320251634953,0.974,0.544,0.0,Thal
Thal-InN-1,DAB1,0.0,1.79640570482957,1.0,0.73,0.0,Thal
Thal-InN-1,RORA,0.0,1.76980006459282,1.0,0.909,0.0,Thal
Thal-InN-1,ITPR1,0.0,1.68781439822643,0.943,0.36,0.0,Thal
Thal-InN-1,OPCML,0.0,1.61834766632773,0.975,0.516,0.0,Thal
Thal-InN-1,AC012404.1,0.0,1.58510654249801,0.775,0.401,0.0,Thal
Thal-InN-1,DGKH,0.0,1.5785286387142,0.842,0.394,0.0,Thal
Thal-InN-1,CA8,0.0,1.55899254184523,0.914,0.422,0.0,Thal
Thal-InN-1,HS6ST3,0.0,1.55729599645819,0.967,0.538,0.0,Thal
Thal-InN-1,COL24A1,0.0,1.55701119049993,0.621,0.216,0.0,Thal
Thal-InN-1,EPHA5,0.0,1.54101881601203,0.848,0.46,0.0,Thal
Thal-InN-1,EBF1,0.0,1.51464108990494,0.991,0.554,0.0,Thal
Thal-InN-1,PRKG1,0.0,1.51399722555547,0.996,0.676,0.0,Thal
Thal-InN-1,RORA-AS1,0.0,1.49175076919575,0.723,0.371,0.0,Thal
Thal-InN-1,MEF2C,0.0,1.49113543716775,0.853,0.405,0.0,Thal
Thal-InN-1,GRM7,0.0,1.48074725298118,0.959,0.473,0.0,Thal
Thal-InN-1,EPHA7,0.0,1.42503373468379,0.828,0.517,0.0,Thal
Thal-InN-1,SDK1,0.0,1.42235842490821,0.941,0.709,0.0,Thal
Thal-InN-1,FOXP2,0.0,1.40412006116954,0.995,0.658,0.0,Thal
Thal-InN-2,CNTNAP4,0.0,2.01062468321038,0.993,0.381,0.0,Thal
Thal-InN-2,ADGRL2,0.0,1.82981310249553,0.993,0.547,0.0,Thal
Thal-InN-2,DAB1,0.0,1.79034948646471,1.0,0.733,0.0,Thal
Thal-InN-2,RORA,0.0,1.78831534753257,1.0,0.91,0.0,Thal
Thal-InN-2,ITPR1,0.0,1.71857922537187,0.997,0.361,0.0,Thal
Thal-InN-2,CA8,0.0,1.66472337561809,0.993,0.419,0.0,Thal
Thal-InN-2,DGKH,0.0,1.62930701789869,0.981,0.383,0.0,Thal
Thal-InN-2,EPHA5,0.0,1.62755566061021,0.982,0.45,0.0,Thal
Thal-InN-2,HS6ST3,0.0,1.60742805414793,0.998,0.539,0.0,Thal
Thal-InN-2,COL24A1,0.0,1.60416314638769,0.895,0.189,0.0,Thal
Thal-InN-2,OPCML,0.0,1.58869145633847,0.987,0.52,0.0,Thal
Thal-InN-2,AC012404.1,0.0,1.56104867621,0.963,0.384,0.0,Thal
Thal-InN-2,PRKG1,0.0,1.54995867135988,0.999,0.679,0.0,Thal
Thal-InN-2,MEF2C,0.0,1.54435476837382,0.979,0.396,0.0,Thal
Thal-InN-2,ZNF385D,0.0,1.52832086868355,0.997,0.618,0.0,Thal
Thal-InN-2,GRM7,0.0,1.50833288711912,0.993,0.475,0.0,Thal
Thal-InN-2,RORA-AS1,0.0,1.50768738097905,0.956,0.348,0.0,Thal
Thal-InN-2,SDK1,0.0,1.49612214412079,0.994,0.706,0.0,Thal
Thal-InN-2,EBF1,0.0,1.49193137320021,0.999,0.559,0.0,Thal
Thal-InN-2,EPHA7,0.0,1.48887638635106,0.949,0.507,0.0,Thal
Thal-InN-3,AC011287.1,0.0,3.00138290160185,0.793,0.142,0.0,Thal
Thal-InN-3,IL1RAPL2,0.0,2.59058675165516,0.918,0.224,0.0,Thal
Thal-InN-3,LINC02336,0.0,2.51182847172084,0.803,0.108,0.0,Thal
Thal-InN-3,PDE11A,0.0,2.33027415782883,0.782,0.135,0.0,Thal
Thal-InN-3,PDE1C,0.0,2.2221486871721,0.968,0.461,0.0,Thal
Thal-InN-3,AL589693.1,0.0,2.10193101723167,0.895,0.29,0.0,Thal
Thal-InN-3,NPSR1,0.0,2.09363587877094,0.437,0.018,0.0,Thal
Thal-InN-3,EBF1,0.0,2.06785960665664,0.999,0.565,0.0,Thal
Thal-InN-3,TMEM132D,0.0,2.04828410588737,0.956,0.332,0.0,Thal
Thal-InN-3,AC012409.2,0.0,2.02952828123054,0.892,0.349,0.0,Thal
Thal-InN-3,ITPR1,0.0,1.88125080687235,0.977,0.372,0.0,Thal
Thal-InN-3,IMMP2L,0.0,1.85003696928285,0.961,0.652,0.0,Thal
Thal-InN-3,TENM3,0.0,1.67093955607729,0.907,0.647,0.0,Thal
Thal-InN-3,EBF2,0.0,1.66861215221139,0.468,0.09,0.0,Thal
Thal-InN-3,KCNMA1,0.0,1.63340422465362,0.947,0.551,0.0,Thal
Thal-InN-3,FOXP2,0.0,1.61534081299495,0.999,0.666,0.0,Thal
Thal-InN-3,SHISA9,0.0,1.57263720638055,0.952,0.446,0.0,Thal
Thal-InN-3,DAB1,0.0,1.57246564737186,1.0,0.737,0.0,Thal
Thal-InN-3,ARHGAP26,0.0,1.51758705994294,0.776,0.311,0.0,Thal
Thal-InN-3,CA8,0.0,1.5154338126548,0.954,0.431,0.0,Thal
Thal-InN-4,AC132803.1,5.80160566686015e-142,1.79366422078851,0.305,0.041,1.83179897325442e-137,Thal
Thal-InN-4,CA8,2.10998742442696e-120,1.59971256371769,0.927,0.468,6.66207429388569e-116,Thal
Thal-InN-4,TENM2,6.1420669918708e-93,1.26710318398879,0.985,0.791,1.93929623201329e-88,Thal
Thal-InN-4,HS6ST3,9.47777048237795e-93,1.35545217464213,0.955,0.578,2.99251125210601e-88,Thal
Thal-InN-4,SPOCK3,1.13038833134598e-91,1.71413030866529,0.81,0.424,3.56908811739178e-87,Thal
Thal-InN-4,EPHA5,2.36957876488801e-88,1.24292615276639,0.885,0.496,7.4817079922574e-84,Thal
Thal-InN-4,DGKH,3.25290738747541e-86,1.16840553959457,0.875,0.435,1.02707297852149e-81,Thal
Thal-InN-4,PIP5K1B,9.10956048285238e-84,1.57060907557996,0.615,0.239,2.87625262685581e-79,Thal
Thal-InN-4,DAB1,2.83769667276186e-78,1.11853565055802,1.0,0.755,8.95974347457829e-74,Thal
Thal-InN-4,ZNF385D,2.73707998977983e-76,1.18614779695414,0.938,0.651,8.64205635973082e-72,Thal
Thal-InN-4,ITPR1,1.19975667550436e-74,1.15467980012614,0.875,0.416,3.78811172723748e-70,Thal
Thal-InN-4,KCNIP4,1.97590963096183e-74,1.18773167809457,0.973,0.618,6.23873706879889e-70,Thal
Thal-InN-4,PLXNA4,2.43049049979962e-68,1.26218102002127,0.645,0.296,7.67403070406734e-64,Thal
Thal-InN-4,RORA,4.60017022487564e-68,0.886412020761871,0.998,0.918,1.45245774680223e-63,Thal
Thal-InN-4,COL24A1,6.60670913503138e-68,1.19531789799774,0.623,0.254,2.08600234229481e-63,Thal
Thal-InN-4,EBF3,8.99385131592734e-64,0.872797837434195,0.83,0.42,2.8397186144909e-59,Thal
Thal-InN-4,MIR4500HG,5.67176074311521e-63,1.08699994103631,0.685,0.326,1.7908017370312e-58,Thal
Thal-InN-4,SNHG14,6.12637407933702e-59,0.714827550964676,0.995,0.923,1.93434135180987e-54,Thal
Thal-InN-4,LINGO2,8.68110860194823e-59,0.831147854273181,0.973,0.66,2.74097322997914e-54,Thal
Thal-InN-4,AL589693.1,1.31170991126412e-58,1.29573179146854,0.685,0.337,4.14159287382535e-54,Thal
Thal-InN-5,ADARB2,0.0,2.89634812800063,0.811,0.221,0.0,Thal
Thal-InN-5,NRXN3,0.0,2.80355839554232,0.964,0.802,0.0,Thal
Thal-InN-5,PAX2,0.0,2.52482460118543,0.702,0.037,0.0,Thal
Thal-InN-5,UNC5C,0.0,2.4745989756819,0.879,0.703,0.0,Thal
Thal-InN-5,NKAIN2,0.0,2.42207715029593,0.831,0.478,0.0,Thal
Thal-InN-5,ZFPM2,0.0,2.41489804326902,0.942,0.47,0.0,Thal
Thal-InN-5,TFAP2B,0.0,2.37643526856857,0.738,0.051,0.0,Thal
Thal-InN-5,XKR4,0.0,2.20965120689474,0.89,0.667,0.0,Thal
Thal-InN-5,SLC35F4,0.0,2.17263667077906,0.609,0.13,0.0,Thal
Thal-InN-5,ZNF521,0.0,2.15131278965909,0.789,0.322,0.0,Thal
Thal-InN-5,ZFPM2-AS1,0.0,2.07031566007655,0.742,0.29,0.0,Thal
Thal-InN-5,CACNG3,0.0,1.8123291485192,0.479,0.032,0.0,Thal
Thal-InN-5,ZNF385B,0.0,1.79146483527381,0.662,0.214,0.0,Thal
Thal-InN-5,AC008056.1,0.0,1.77557163930852,0.659,0.214,0.0,Thal
Thal-InN-5,GAD2,0.0,1.69971466804713,0.672,0.258,0.0,Thal
Thal-InN-5,DISP3,0.0,1.68881646929385,0.558,0.1,0.0,Thal
Thal-InN-5,GAD1,0.0,1.59152180599087,0.678,0.228,0.0,Thal
Thal-InN-5,SLC6A5,0.0,1.58859205813456,0.386,0.008,0.0,Thal
Thal-InN-5,DSCAML1,0.0,1.57984378067222,0.757,0.267,0.0,Thal
Thal-InN-5,DPF3,0.0,1.52676655460946,0.601,0.18,0.0,Thal
Thal-InN-6,OTX2-AS1,0.0,6.30185367016265,1.0,0.052,0.0,Thal
Thal-InN-6,CHRM2,0.0,4.67031467952229,0.997,0.063,0.0,Thal
Thal-InN-6,SEMA3C,0.0,3.68279673660594,0.987,0.071,0.0,Thal
Thal-InN-6,CACNA2D3,0.0,3.50632389069183,0.999,0.185,0.0,Thal
Thal-InN-6,PTCHD4,0.0,3.46359870851842,0.985,0.07,0.0,Thal
Thal-InN-6,ADAMTS19,0.0,3.38817507855398,0.959,0.071,0.0,Thal
Thal-InN-6,AL161757.4,0.0,3.38480440223141,0.874,0.015,0.0,Thal
Thal-InN-6,ZMAT4,0.0,3.30074628810475,0.974,0.281,0.0,Thal
Thal-InN-6,MEIS2,0.0,3.05413535775469,0.963,0.21,0.0,Thal
Thal-InN-6,UNC13C,0.0,3.05292022809888,0.996,0.373,0.0,Thal
Thal-InN-6,AL589740.1,0.0,3.01952148734322,0.984,0.22,0.0,Thal
Thal-InN-6,SV2C,0.0,3.00704175068486,0.937,0.069,0.0,Thal
Thal-InN-6,PLCL1,0.0,2.85068704660487,0.985,0.318,0.0,Thal
Thal-InN-6,CDH8,0.0,2.66866535045702,0.985,0.28,0.0,Thal
Thal-InN-6,NOS1AP,0.0,2.66780792832887,0.987,0.272,0.0,Thal
Thal-InN-6,ADARB2,0.0,2.66096048021457,0.993,0.233,0.0,Thal
Thal-InN-6,DSCAM,0.0,2.60462506153559,0.999,0.788,0.0,Thal
Thal-InN-6,GALNTL6,0.0,2.57208818293524,0.999,0.53,0.0,Thal
Thal-InN-6,IL1RAPL1,0.0,2.51447124527945,0.999,0.621,0.0,Thal
Thal-InN-6,CA10,0.0,2.50594593959179,0.935,0.177,0.0,Thal
Thal-InN-7,DLX6-AS1,0.0,1.91805668894799,0.296,0.002,0.0,Thal
Thal-InN-7,ISL1,0.0,0.732652887493234,0.261,0.001,0.0,Thal
Thal-InN-7,MIR137HG,7.52681421303937e-132,1.42923701043968,0.358,0.05,2.37651631962505e-127,Thal
Thal-InN-7,DYNC1I1,5.78929993262958e-131,1.31468451194401,0.531,0.104,1.82791356072846e-126,Thal
Thal-InN-7,RBFOX1,6.54859053286105e-98,2.50449231754263,0.928,0.667,2.06765197484555e-93,Thal
Thal-InN-7,GRIK3,4.50141356904404e-87,1.18202082779864,0.472,0.116,1.42127632028996e-82,Thal
Thal-InN-7,MEIS2,1.27104831806803e-85,2.42154643390628,0.632,0.232,4.01320795946801e-81,Thal
Thal-InN-7,C8orf34,3.2994309190198e-84,1.15274546771353,0.381,0.077,1.04176231837131e-79,Thal
Thal-InN-7,DPYD,2.95791196038931e-83,1.56355087379381,0.355,0.072,9.3393112237332e-79,Thal
Thal-InN-7,KCNC2,5.55293869577791e-83,1.51074763287343,0.5,0.138,1.75328486380492e-78,Thal
Thal-InN-7,MARCH11,5.70734602951179e-76,0.739282633084967,0.283,0.049,1.80203743535805e-71,Thal
Thal-InN-7,SNTG1,9.14013408178046e-75,1.59311616901146,0.686,0.25,2.88590593498136e-70,Thal
Thal-InN-7,TMEM132B,3.54197342420844e-73,2.06858091782825,0.575,0.201,1.11834268895957e-68,Thal
Thal-InN-7,UNC5D,4.85704473115257e-72,1.69665250281105,0.676,0.264,1.53356330341411e-67,Thal
Thal-InN-7,SEMA3E,7.43886485931558e-70,1.0121852080899,0.27,0.049,2.3487471906803e-65,Thal
Thal-InN-7,KCNB2,1.43526370710982e-69,1.16693107919125,0.802,0.379,4.53170162882855e-65,Thal
Thal-InN-7,SLCO3A1,6.96044461816136e-69,1.20555978353376,0.519,0.166,2.19769078373827e-64,Thal
Thal-InN-7,ZFHX3,1.01321342894195e-68,1.62788996633828,0.594,0.226,3.1991200805413e-64,Thal
Thal-InN-7,SNTG2,1.83614804603466e-68,1.06896366006152,0.321,0.068,5.79745384054984e-64,Thal
Thal-InN-7,PTPRD,4.02680668075126e-66,1.37975003666448,0.978,0.897,1.2714239413804e-61,Thal
Thal-InN-8,C8orf34,0.0,3.69204165176491,0.927,0.075,0.0,Thal
Thal-InN-8,SLC24A4,0.0,2.66170162371408,0.689,0.014,0.0,Thal
Thal-InN-8,L3MBTL4,3.64433660963805e-288,2.64672244585187,0.768,0.065,1.15066284112712e-283,Thal
Thal-InN-8,OTOF,1.32147153359963e-246,0.806563951320351,0.268,0.007,4.17241422018748e-242,Thal
Thal-InN-8,PEX5L,1.3631022084381e-236,2.4160053109567,0.762,0.079,4.30385891292246e-232,Thal
Thal-InN-8,AP001021.3,7.77617710969196e-222,1.10356979920895,0.348,0.015,2.45525016061414e-217,Thal
Thal-InN-8,LINC01210,1.25764118783148e-217,1.57010646827477,0.543,0.039,3.97087628645911e-213,Thal
Thal-InN-8,GPR149,6.9381395615523e-210,1.50497399649516,0.482,0.032,2.19064818516452e-205,Thal
Thal-InN-8,RIT2,1.09058306798912e-192,2.92291979149132,0.854,0.128,3.44340697886885e-188,Thal
Thal-InN-8,CHRM3-AS2,1.71765791809298e-192,1.855423222004,0.543,0.046,5.42333311058677e-188,Thal
Thal-InN-8,AC096570.2,1.88386631956268e-188,0.851167768971873,0.25,0.009,5.94811951738719e-184,Thal
Thal-InN-8,CHRM3,2.83281296524478e-175,3.34066042234121,0.945,0.194,8.94432365646386e-171,Thal
Thal-InN-8,PREX2,1.19056956639163e-162,2.62285113797,0.726,0.105,3.75910434892494e-158,Thal
Thal-InN-8,ZFHX4-AS1,4.08931051157628e-160,1.60713765384381,0.512,0.049,1.29115890092509e-155,Thal
Thal-InN-8,ZFHX3,5.78368393895243e-156,2.79831604274299,0.957,0.225,1.82614036688484e-151,Thal
Thal-InN-8,KCNQ5,2.82429863502903e-154,2.81917298816616,0.878,0.179,8.91744051024066e-150,Thal
Thal-InN-8,AL033504.1,5.40980679187351e-131,2.456554569931,0.939,0.241,1.70809239646614e-126,Thal
Thal-InN-8,AC140912.1,4.48112208295216e-129,0.935928036791269,0.293,0.019,1.41486948647131e-124,Thal
Thal-InN-8,ANO3,2.87478016329514e-128,1.00705891215851,0.317,0.022,9.07683088758808e-124,Thal
Thal-InN-8,GUCY1A1,1.08005861369064e-120,1.82050598370839,0.604,0.092,3.41017706686683e-116,Thal
Thal-MG,DOCK8,0.0,3.93108499689576,0.8,0.008,0.0,Thal
Thal-MG,LRMDA,0.0,3.4619770399677,0.814,0.03,0.0,Thal
Thal-MG,SAMSN1,0.0,3.41484074967552,0.743,0.008,0.0,Thal
Thal-MG,BNC2,0.0,3.27686517974039,0.729,0.02,0.0,Thal
Thal-MG,ADAM28,0.0,3.22827320840506,0.843,0.01,0.0,Thal
Thal-MG,LNCAROD,0.0,3.07632276342237,0.671,0.003,0.0,Thal
Thal-MG,APBB1IP,0.0,3.07450109919384,0.686,0.01,0.0,Thal
Thal-MG,SRGN,0.0,2.80087635027931,0.486,0.006,0.0,Thal
Thal-MG,FYB1,0.0,2.70230975795182,0.686,0.006,0.0,Thal
Thal-MG,CSF2RA,0.0,2.59253090222184,0.586,0.007,0.0,Thal
Thal-MG,RBM47,0.0,2.47739327562543,0.643,0.01,0.0,Thal
Thal-MG,LINC01374,0.0,2.35903352193722,0.614,0.009,0.0,Thal
Thal-MG,INPP5D,0.0,2.35816690106769,0.629,0.011,0.0,Thal
Thal-MG,LINC02712,0.0,2.28743607986279,0.5,0.005,0.0,Thal
Thal-MG,C3,0.0,2.28628283217155,0.614,0.01,0.0,Thal
Thal-MG,FMN1,0.0,2.26852822671909,0.586,0.01,0.0,Thal
Thal-MG,CX3CR1,0.0,2.26052437270209,0.5,0.006,0.0,Thal
Thal-MG,CSF3R,0.0,2.19267167333686,0.614,0.001,0.0,Thal
Thal-MG,SLCO2B1,0.0,2.19088190386795,0.629,0.008,0.0,Thal
Thal-MG,RGS1,0.0,2.16630235561011,0.457,0.003,0.0,Thal
Thal-OPC,PDGFRA,0.0,3.39385107350539,0.839,0.024,0.0,Thal
Thal-OPC,NXPH1,0.0,2.86061990232037,0.957,0.157,0.0,Thal
Thal-OPC,TNR,0.0,2.72654562428635,0.8,0.073,0.0,Thal
Thal-OPC,SEMA5A,0.0,2.53235777900685,0.862,0.11,0.0,Thal
Thal-OPC,AL353784.1,0.0,2.51535186117543,0.787,0.069,0.0,Thal
Thal-OPC,PDE7B,0.0,2.22741297932759,0.734,0.047,0.0,Thal
Thal-OPC,OLIG1,0.0,2.05780428673149,0.744,0.051,0.0,Thal
Thal-OPC,COL9A1,0.0,1.82311121937419,0.63,0.041,0.0,Thal
Thal-OPC,PROM1,0.0,1.75175995754988,0.636,0.049,0.0,Thal
Thal-OPC,COL20A1,0.0,1.61886948966375,0.538,0.006,0.0,Thal
Thal-OPC,PLPP4,0.0,1.56708367598184,0.597,0.042,0.0,Thal
Thal-OPC,SULF2,0.0,1.53261295793201,0.613,0.056,0.0,Thal
Thal-OPC,AC117464.1,0.0,1.47105287977307,0.505,0.009,0.0,Thal
Thal-OPC,AGMO,0.0,1.45970387967785,0.361,0.006,0.0,Thal
Thal-OPC,AC079352.1,0.0,1.31338976394674,0.282,0.004,0.0,Thal
Thal-OPC,LINC01776,0.0,1.27355191956502,0.436,0.018,0.0,Thal
Thal-OPC,OLIG2,0.0,1.2670767469738,0.495,0.015,0.0,Thal
Thal-OPC,SALL3,0.0,1.17983918393799,0.456,0.032,0.0,Thal
Thal-OPC,PRKG2,0.0,1.14751181412646,0.393,0.024,0.0,Thal
Thal-OPC,AL138828.1,0.0,1.09141491048323,0.393,0.021,0.0,Thal
Thal-RG-1,ADAMTSL1,0.0,2.39425456453873,0.661,0.221,0.0,Thal
Thal-RG-1,SMOC1,0.0,2.304122004038,0.85,0.198,0.0,Thal
Thal-RG-1,OBI1-AS1,0.0,2.1367276103743,0.504,0.074,0.0,Thal
Thal-RG-1,ADAMTS6,0.0,2.12733475999722,0.907,0.268,0.0,Thal
Thal-RG-1,QKI,0.0,2.02499808257044,0.996,0.633,0.0,Thal
Thal-RG-1,ANKFN1,0.0,1.99222016029021,0.774,0.173,0.0,Thal
Thal-RG-1,LRIG1,0.0,1.98665945184982,0.8,0.201,0.0,Thal
Thal-RG-1,PTPRT,0.0,1.94095162923487,0.895,0.465,0.0,Thal
Thal-RG-1,GLIS3,0.0,1.91767195727588,0.688,0.12,0.0,Thal
Thal-RG-1,EEPD1,0.0,1.90808628949101,0.632,0.167,0.0,Thal
Thal-RG-1,ZBTB20,0.0,1.88488380548526,0.961,0.512,0.0,Thal
Thal-RG-1,EGFR,0.0,1.86905875227033,0.692,0.271,0.0,Thal
Thal-RG-1,LUZP2,0.0,1.83183613258784,0.83,0.357,0.0,Thal
Thal-RG-1,SOX2-OT,0.0,1.8020796522718,0.878,0.369,0.0,Thal
Thal-RG-1,SOX6,0.0,1.74293795683739,0.884,0.245,0.0,Thal
Thal-RG-1,AC114971.1,0.0,1.72315775092675,0.65,0.186,0.0,Thal
Thal-RG-1,PAX3,0.0,1.70046029617207,0.793,0.198,0.0,Thal
Thal-RG-1,SPON1,0.0,1.68278799638423,0.648,0.146,0.0,Thal
Thal-RG-1,NTRK2,0.0,1.66650390503375,0.886,0.443,0.0,Thal
Thal-RG-1,CTNNA3,0.0,1.62918105811129,0.782,0.341,0.0,Thal
Thal-RG-2,AC099489.1,0.0,2.85214116075426,0.897,0.11,0.0,Thal
Thal-RG-2,TNC,0.0,2.76495728321349,0.931,0.185,0.0,Thal
Thal-RG-2,DEC1,0.0,2.46128145605035,0.818,0.098,0.0,Thal
Thal-RG-2,SLC1A3,0.0,2.31034667985704,0.934,0.302,0.0,Thal
Thal-RG-2,CTNNA3,0.0,2.30417495935917,0.954,0.342,0.0,Thal
Thal-RG-2,SPATA6,0.0,2.13998692930663,0.863,0.238,0.0,Thal
Thal-RG-2,PRTG,0.0,2.0661378773723,0.732,0.112,0.0,Thal
Thal-RG-2,SLC4A4,0.0,2.05245958255281,0.784,0.163,0.0,Thal
Thal-RG-2,LINC01727,0.0,2.04408117544806,0.53,0.027,0.0,Thal
Thal-RG-2,SHROOM3,0.0,2.02479683789928,0.876,0.267,0.0,Thal
Thal-RG-2,NCKAP5,0.0,1.95393519524643,0.985,0.568,0.0,Thal
Thal-RG-2,GABRG3,0.0,1.94880682366359,0.827,0.214,0.0,Thal
Thal-RG-2,AC092957.1,0.0,1.94673304837997,0.991,0.426,0.0,Thal
Thal-RG-2,DGKB,0.0,1.9393886249264,0.882,0.375,0.0,Thal
Thal-RG-2,RGS20,0.0,1.92208639767983,0.752,0.134,0.0,Thal
Thal-RG-2,PTCH1,0.0,1.8804295029282,0.686,0.276,0.0,Thal
Thal-RG-2,ADAMTS9-AS2,0.0,1.86895209874123,0.452,0.052,0.0,Thal
Thal-RG-2,CDH4,0.0,1.83243769507612,0.852,0.311,0.0,Thal
Thal-RG-2,COL23A1,0.0,1.83124753254064,0.653,0.115,0.0,Thal
Thal-RG-2,HES5,0.0,1.81098670541457,0.668,0.161,0.0,Thal
Thal-RG-3,CFAP54,0.0,2.89958988002447,0.91,0.14,0.0,Thal
Thal-RG-3,GLIS3,0.0,2.85655951121761,0.914,0.161,0.0,Thal
Thal-RG-3,ARMC3,0.0,2.64252084818113,0.834,0.06,0.0,Thal
Thal-RG-3,LINC01088,0.0,2.56904658227042,0.685,0.105,0.0,Thal
Thal-RG-3,C8orf34,0.0,2.37460624128418,0.711,0.068,0.0,Thal
Thal-RG-3,VWA3A,0.0,2.33271440329603,0.738,0.037,0.0,Thal
Thal-RG-3,OBI1-AS1,0.0,2.28641043932042,0.711,0.104,0.0,Thal
Thal-RG-3,CFAP47,0.0,2.27647236263835,0.643,0.027,0.0,Thal
Thal-RG-3,DNAH7,0.0,2.23228977644563,0.782,0.133,0.0,Thal
Thal-RG-3,WDR49,0.0,2.22398386604854,0.812,0.148,0.0,Thal
Thal-RG-3,HYDIN,0.0,2.21507164695394,0.804,0.146,0.0,Thal
Thal-RG-3,LRRC9,0.0,2.20711105636996,0.743,0.063,0.0,Thal
Thal-RG-3,GRIN2A,0.0,2.17494294832612,0.631,0.074,0.0,Thal
Thal-RG-3,TTC6,0.0,2.13915004952979,0.584,0.038,0.0,Thal
Thal-RG-3,CFAP43,0.0,2.09750839624102,0.682,0.061,0.0,Thal
Thal-RG-3,SPATA17,0.0,2.06417936831445,0.719,0.082,0.0,Thal
Thal-RG-3,DNAH12,0.0,2.043276758197,0.528,0.031,0.0,Thal
Thal-RG-3,MAP3K19,0.0,1.74136738923595,0.533,0.014,0.0,Thal
Thal-RG-3,NEK5,0.0,1.70910666546134,0.548,0.042,0.0,Thal
Thal-RG-3,TCTEX1D1,0.0,1.70065287068413,0.516,0.02,0.0,Thal
Thal-RG-4,AGBL1,0.0,3.14166835750176,0.705,0.039,0.0,Thal
Thal-RG-4,MMD2,0.0,3.03943650503097,0.969,0.124,0.0,Thal
Thal-RG-4,OBI1-AS1,0.0,2.97840880846649,0.84,0.105,0.0,Thal
Thal-RG-4,EEPD1,0.0,2.92005121055861,0.959,0.201,0.0,Thal
Thal-RG-4,ITPR2,0.0,2.55755317191626,0.978,0.187,0.0,Thal
Thal-RG-4,GLIS3,0.0,2.45958099309288,0.94,0.165,0.0,Thal
Thal-RG-4,AL591686.2,0.0,2.24894173430886,0.799,0.095,0.0,Thal
Thal-RG-4,FGFR3,0.0,2.11678388606393,0.856,0.027,0.0,Thal
Thal-RG-4,ATP13A4,0.0,1.9220600546744,0.818,0.041,0.0,Thal
Thal-RG-4,MIR3681HG,0.0,1.85881929208195,0.592,0.035,0.0,Thal
Thal-RG-4,ITGB5,0.0,1.77855277518478,0.793,0.061,0.0,Thal
Thal-RG-4,AC087477.2,0.0,1.73036354062056,0.718,0.027,0.0,Thal
Thal-RG-4,L3MBTL4,0.0,1.68068167996359,0.699,0.06,0.0,Thal
Thal-RG-4,LPAR1,0.0,1.53768502342701,0.567,0.03,0.0,Thal
Thal-RG-4,ACSBG1,0.0,1.47280903793097,0.646,0.024,0.0,Thal
Thal-RG-4,FYB2,0.0,1.44632572622427,0.417,0.007,0.0,Thal
Thal-RG-4,ABCA1,0.0,1.4327320645424,0.674,0.069,0.0,Thal
Thal-RG-4,LYN,0.0,1.31389058147804,0.476,0.022,0.0,Thal
Thal-RG-4,SOX1-OT,0.0,1.2864717062012,0.599,0.053,0.0,Thal
Thal-RG-4,PRDM16,0.0,1.28420370721504,0.611,0.034,0.0,Thal
Thal-RG-5,ERBB4,1.43500483788505e-76,1.20839397995284,0.989,0.612,4.53088427513826e-72,Thal
Thal-RG-5,AC092957.1,1.45066584392809e-73,1.36474197372646,0.934,0.459,4.58033233561855e-69,Thal
Thal-RG-5,DACH1,1.34337196533326e-61,1.17305663506566,0.934,0.573,4.24156264334324e-57,Thal
Thal-RG-5,AC017037.5,1.46881569312374e-58,1.37758891024176,0.274,0.052,4.63763866946888e-54,Thal
Thal-RG-5,CTNNA3,3.08293645508946e-51,1.0768528188347,0.774,0.381,9.73406356329946e-47,Thal
Thal-RG-5,AL137139.2,1.84773311239231e-47,1.14658665682397,0.745,0.358,5.83403252906747e-43,Thal
Thal-RG-5,NFIA,1.22867377166945e-44,0.958925226940535,0.945,0.598,3.87941456666911e-40,Thal
Thal-RG-5,NFIB,1.05212628112927e-43,0.850107861417315,0.967,0.615,3.32198352003757e-39,Thal
Thal-RG-5,TNC,2.32119497970627e-41,1.09969330628368,0.566,0.234,7.32894102892457e-37,Thal
Thal-RG-5,AC099489.1,1.70578737608523e-39,1.03577041628096,0.46,0.163,5.38585306125151e-35,Thal
Thal-RG-5,MIR99AHG,5.45841484395539e-39,0.847764877860192,0.971,0.836,1.72343990283048e-34,Thal
Thal-RG-5,RELN,8.69238674422145e-39,0.964306376932856,0.745,0.416,2.74453419062048e-34,Thal
Thal-RG-5,TCF4,8.26272634414525e-38,0.763928290881142,0.956,0.653,2.60887321590042e-33,Thal
Thal-RG-5,NAV2,1.15949835843367e-36,0.98557996462415,0.825,0.574,3.66100011691847e-32,Thal
Thal-RG-5,QKI,5.27476611524053e-36,0.670437998058841,0.949,0.667,1.66545465322604e-31,Thal
Thal-RG-5,PDE1A,7.43447270559008e-35,1.04580644370746,0.715,0.409,2.34736041206301e-30,Thal
Thal-RG-5,NCKAP5,3.92953793158301e-33,0.779058833026536,0.858,0.594,1.24071230651802e-28,Thal
Thal-RG-5,ADGRV1,1.54902623202502e-29,0.854542256222586,0.679,0.393,4.89089542499579e-25,Thal
Thal-RG-5,RYR3,2.10511415164876e-29,0.963273804615804,0.661,0.377,6.64668742241581e-25,Thal
Thal-RG-5,MEIS1,7.49687742419987e-29,0.943649729904786,0.704,0.454,2.36706407791687e-24,Thal
Thal-RG-6,ERVMER61-1,0.0,3.99262335317733,0.897,0.116,0.0,Thal
Thal-RG-6,AC096570.1,0.0,3.57919255094265,0.551,0.092,0.0,Thal
Thal-RG-6,GRIK2,0.0,3.1092232780884,0.993,0.582,0.0,Thal
Thal-RG-6,RELN,0.0,3.06311902416458,0.987,0.348,0.0,Thal
Thal-RG-6,ERBB4,0.0,2.97104250249788,0.997,0.568,0.0,Thal
Thal-RG-6,FSTL4,0.0,2.90671677410228,0.742,0.191,0.0,Thal
Thal-RG-6,AC116362.1,0.0,2.77122656631025,0.499,0.042,0.0,Thal
Thal-RG-6,AL137139.2,0.0,2.59226671130705,0.943,0.289,0.0,Thal
Thal-RG-6,AC109466.1,0.0,2.58525297273674,0.696,0.296,0.0,Thal
Thal-RG-6,THSD7B,0.0,2.53555379368618,0.82,0.246,0.0,Thal
Thal-RG-6,KLHL29,0.0,2.45532411316713,0.854,0.339,0.0,Thal
Thal-RG-6,RYR3,0.0,2.39953103860458,0.945,0.308,0.0,Thal
Thal-RG-6,GPC5,0.0,2.367797909757,0.791,0.269,0.0,Thal
Thal-RG-6,AC093765.3,0.0,2.34642794757463,0.586,0.052,0.0,Thal
Thal-RG-6,RBFOX3,0.0,2.28183623533403,0.825,0.177,0.0,Thal
Thal-RG-6,AC007614.1,0.0,2.22093576540024,0.71,0.096,0.0,Thal
Thal-RG-6,MYRIP,0.0,2.21183803071,0.757,0.231,0.0,Thal
Thal-RG-6,GPC6,0.0,2.19837815337213,0.957,0.446,0.0,Thal
Thal-RG-6,ST18,0.0,2.08004221462401,0.716,0.084,0.0,Thal
Thal-RG-6,AC008415.1,0.0,2.06319832265704,0.499,0.149,0.0,Thal
Thal-RG-7,NTN1,0.0,2.46793770053335,0.741,0.104,0.0,Thal
Thal-RG-7,LINC02223,0.0,2.21601285600941,0.71,0.095,0.0,Thal
Thal-RG-7,ROR2,0.0,2.19743083638966,0.553,0.047,0.0,Thal
Thal-RG-7,TRHDE,0.0,2.17977596242114,0.643,0.114,0.0,Thal
Thal-RG-7,NFIA-AS2,0.0,2.15671650753749,0.833,0.186,0.0,Thal
Thal-RG-7,HS3ST3A1,0.0,1.95278339236455,0.403,0.016,0.0,Thal
Thal-RG-7,CYYR1,0.0,1.81875565156422,0.568,0.042,0.0,Thal
Thal-RG-7,AC021594.2,0.0,1.75247878075453,0.28,0.013,0.0,Thal
Thal-RG-7,LINC01798,0.0,1.74840803762799,0.591,0.079,0.0,Thal
Thal-RG-7,RAB26,0.0,1.68913986228433,0.484,0.051,0.0,Thal
Thal-RG-7,SLC8B1,0.0,1.48274837291185,0.401,0.031,0.0,Thal
Thal-RG-7,TEX15,0.0,1.24121743121803,0.361,0.022,0.0,Thal
Thal-RG-7,CYYR1-AS1,9.50187772682297e-281,0.910349392048734,0.301,0.023,3.00012287346709e-276,Thal
Thal-RG-7,MIR217HG,2.00322089344476e-263,1.44578148597798,0.516,0.078,6.32496964896248e-259,Thal
Thal-RG-7,RBFOX3,8.94556912288559e-263,1.91378727091503,0.831,0.234,2.8244739948599e-258,Thal
Thal-RG-7,MIR924HG,1.16070769169822e-255,1.96882105118125,0.518,0.082,3.66481846576796e-251,Thal
Thal-RG-7,GPC6,3.29283406581735e-251,2.26152384501953,0.979,0.49,1.03967942794117e-246,Thal
Thal-RG-7,THSD7B,1.28871594820368e-250,2.28112958744524,0.866,0.295,4.06899173485831e-246,Thal
Thal-RG-7,LINC01606,1.0217499011454e-249,1.41989452332006,0.436,0.06,3.22607313787648e-245,Thal
Thal-RG-7,AL137139.2,5.66046229868829e-242,1.79767243511593,0.956,0.346,1.78723436618784e-237,Thal
